-- phpMyAdmin SQL Dump
-- version 5.2.1
-- https://www.phpmyadmin.net/
--
-- Host: localhost:3306
-- Generation Time: Jul 25, 2023 at 11:49 AM
-- Server version: 10.3.39-MariaDB-cll-lve
-- PHP Version: 8.1.16

SET SQL_MODE = "NO_AUTO_VALUE_ON_ZERO";
START TRANSACTION;
SET time_zone = "+00:00";


/*!40101 SET @OLD_CHARACTER_SET_CLIENT=@@CHARACTER_SET_CLIENT */;
/*!40101 SET @OLD_CHARACTER_SET_RESULTS=@@CHARACTER_SET_RESULTS */;
/*!40101 SET @OLD_COLLATION_CONNECTION=@@COLLATION_CONNECTION */;
/*!40101 SET NAMES utf8mb4 */;

--
-- Database: `seekosoft_adbanao`
--

-- --------------------------------------------------------

--
-- Table structure for table `bankdetails`
--

CREATE TABLE `bankdetails` (
  `id` bigint(20) UNSIGNED NOT NULL,
  `account_holder_name` varchar(255) NOT NULL,
  `mobile_no` varchar(255) NOT NULL,
  `upi_id` varchar(255) NOT NULL,
  `account_no` varchar(255) NOT NULL,
  `ifsc_code` varchar(255) NOT NULL,
  `bank_name` varchar(255) NOT NULL,
  `barcode` varchar(255) NOT NULL,
  `created_at` timestamp NULL DEFAULT NULL,
  `updated_at` timestamp NULL DEFAULT NULL
) ENGINE=InnoDB DEFAULT CHARSET=utf8mb4 COLLATE=utf8mb4_unicode_ci;

--
-- Dumping data for table `bankdetails`
--

INSERT INTO `bankdetails` (`id`, `account_holder_name`, `mobile_no`, `upi_id`, `account_no`, `ifsc_code`, `bank_name`, `barcode`, `created_at`, `updated_at`) VALUES
(1, 'ABBB', '9876543210', 'dgufshh@upi', '432342352363342132', '213124ewads', 'safsdfsd', '', '2023-07-24 12:54:32', '2023-07-24 12:54:32');

-- --------------------------------------------------------

--
-- Table structure for table `bank_details`
--

CREATE TABLE `bank_details` (
  `id` bigint(20) UNSIGNED NOT NULL,
  `userid` varchar(255) NOT NULL,
  `bankname` varchar(255) DEFAULT NULL,
  `accountno` varchar(255) DEFAULT NULL,
  `ifsccode` varchar(255) DEFAULT NULL,
  `branchname` varchar(255) DEFAULT NULL,
  `upi_id` varchar(255) DEFAULT NULL,
  `mobile_no` varchar(255) DEFAULT NULL,
  `created_at` timestamp NULL DEFAULT NULL,
  `updated_at` timestamp NULL DEFAULT NULL
) ENGINE=InnoDB DEFAULT CHARSET=utf8mb4 COLLATE=utf8mb4_unicode_ci;

--
-- Dumping data for table `bank_details`
--

INSERT INTO `bank_details` (`id`, `userid`, `bankname`, `accountno`, `ifsccode`, `branchname`, `upi_id`, `mobile_no`, `created_at`, `updated_at`) VALUES
(1, '50031', 'sbi', '987654376543', 'kjhgfds4567', NULL, 'kukki@yil', NULL, '2023-07-17 06:35:34', '2023-07-17 11:08:04');

-- --------------------------------------------------------

--
-- Table structure for table `gameresults`
--

CREATE TABLE `gameresults` (
  `id` bigint(20) UNSIGNED NOT NULL,
  `result` varchar(255) NOT NULL,
  `created_at` timestamp NULL DEFAULT NULL,
  `updated_at` timestamp NULL DEFAULT NULL
) ENGINE=InnoDB DEFAULT CHARSET=utf8mb4 COLLATE=utf8mb4_unicode_ci;

--
-- Dumping data for table `gameresults`
--

INSERT INTO `gameresults` (`id`, `result`, `created_at`, `updated_at`) VALUES
(1, '8.01', '2023-07-15 13:28:47', '2023-07-15 13:30:08'),
(2, '1.10', '2023-07-15 13:30:08', '2023-07-15 13:30:31'),
(3, '9.01', '2023-07-15 13:30:31', '2023-07-15 16:32:21'),
(4, '1.10', '2023-07-15 16:32:21', '2023-07-15 16:32:26'),
(5, '11.01', '2023-07-15 16:32:26', '2023-07-15 16:34:24'),
(6, '1.10', '2023-07-15 16:34:24', '2023-07-15 16:36:32'),
(7, '1.10', '2023-07-15 16:36:32', '2023-07-15 16:36:41'),
(8, '1.10', '2023-07-15 16:36:41', '2023-07-15 16:36:50'),
(9, '1.60', '2023-07-15 16:36:50', '2023-07-15 16:37:04'),
(10, '1.80', '2023-07-15 16:37:04', '2023-07-15 16:37:20'),
(11, '1.40', '2023-07-15 16:37:20', '2023-07-15 16:38:36'),
(12, '1.70', '2023-07-15 16:38:36', '2023-07-15 16:38:51'),
(13, '1.40', '2023-07-15 16:38:51', '2023-07-15 16:39:04'),
(14, '1.40', '2023-07-15 16:39:05', '2023-07-15 16:39:15'),
(15, '10.01', '2023-07-15 16:39:15', '2023-07-15 16:40:55'),
(16, '1.30', '2023-07-15 16:40:55', '2023-07-15 16:41:04'),
(17, '1.50', '2023-07-15 16:41:04', '2023-07-15 16:41:17'),
(18, '1.40', '2023-07-15 16:41:17', '2023-07-15 16:41:28'),
(19, '1.60', '2023-07-15 16:41:28', '2023-07-16 04:28:30'),
(20, '1.30', '2023-07-16 04:28:30', '2023-07-16 04:28:40'),
(21, '9.01', '2023-07-16 04:28:40', '2023-07-16 04:30:45'),
(22, '1.70', '2023-07-16 04:30:45', '2023-07-16 04:31:19'),
(23, '11.01', '2023-07-16 04:31:20', '2023-07-16 04:36:17'),
(24, '1.30', '2023-07-16 04:36:17', '2023-07-16 04:36:32'),
(25, '10.01', '2023-07-16 04:36:33', '2023-07-16 04:39:02'),
(26, '8.01', '2023-07-16 04:39:02', '2023-07-16 04:40:38'),
(27, '10.01', '2023-07-16 04:40:38', '2023-07-16 05:20:10'),
(28, '1.40', '2023-07-16 05:20:10', '2023-07-16 05:20:16'),
(29, '1.50', '2023-07-16 05:20:16', '2023-07-16 05:20:30'),
(30, '1.20', '2023-07-16 05:20:30', '2023-07-16 05:20:39'),
(31, '1.10', '2023-07-16 05:20:39', '2023-07-16 05:20:47'),
(32, '1.80', '2023-07-16 05:20:47', '2023-07-16 05:22:19'),
(33, '1.10', '2023-07-16 05:22:19', '2023-07-16 05:22:27'),
(34, '1.70', '2023-07-16 05:22:27', '2023-07-16 05:22:42'),
(35, '1.60', '2023-07-16 05:22:42', '2023-07-16 05:25:35'),
(36, '1.10', '2023-07-16 05:25:35', '2023-07-16 05:25:37'),
(37, '1.10', '2023-07-16 05:25:37', '2023-07-16 05:25:47'),
(38, '1.50', '2023-07-16 05:25:47', '2023-07-16 05:25:59'),
(39, '1.40', '2023-07-16 05:25:59', '2023-07-16 05:26:00'),
(40, '1.10', '2023-07-16 05:26:00', '2023-07-16 05:26:13'),
(41, '1.20', '2023-07-16 05:26:13', '2023-07-16 05:26:14'),
(42, '1.20', '2023-07-16 05:26:14', '2023-07-16 05:26:26'),
(43, '1.30', '2023-07-16 05:26:26', '2023-07-16 05:26:33'),
(44, '1.10', '2023-07-16 05:26:33', '2023-07-16 05:26:36'),
(45, '1.60', '2023-07-16 05:26:36', '2023-07-16 05:26:51'),
(46, '1.30', '2023-07-16 05:26:51', '2023-07-16 05:27:31'),
(47, '1.10', '2023-07-16 05:27:31', '2023-07-16 05:27:41'),
(48, '1.20', '2023-07-16 05:27:41', '2023-07-16 05:28:25'),
(49, '1.30', '2023-07-16 05:28:25', '2023-07-16 05:29:40'),
(50, '1.10', '2023-07-16 05:29:40', '2023-07-16 05:54:50'),
(51, '1.20', '2023-07-16 05:54:50', '2023-07-16 05:55:01'),
(52, '1.60', '2023-07-16 05:55:01', '2023-07-16 05:56:33'),
(53, '1.30', '2023-07-16 05:56:33', '2023-07-16 05:56:55'),
(54, '1.60', '2023-07-16 05:56:55', '2023-07-16 05:57:11'),
(55, '1.50', '2023-07-16 05:57:12', '2023-07-16 05:57:14'),
(56, '1.70', '2023-07-16 05:57:14', '2023-07-16 05:57:53'),
(57, '1.10', '2023-07-16 05:57:53', '2023-07-16 05:58:22'),
(58, '1.40', '2023-07-16 05:58:22', '2023-07-16 05:58:51'),
(59, '10.01', '2023-07-16 05:58:51', '2023-07-16 05:58:52'),
(60, '1.10', '2023-07-16 05:58:52', '2023-07-16 05:59:00'),
(61, '8.01', '2023-07-16 05:59:00', '2023-07-16 06:02:42'),
(62, '1.60', '2023-07-16 06:02:42', '2023-07-16 06:03:22'),
(63, '1.70', '2023-07-16 06:03:22', '2023-07-16 06:03:41'),
(64, '1.20', '2023-07-16 06:03:41', '2023-07-16 06:05:46'),
(65, '1.80', '2023-07-16 06:05:46', '2023-07-16 06:06:42'),
(66, '1.50', '2023-07-16 06:06:42', '2023-07-16 06:08:41'),
(67, '1.20', '2023-07-16 06:08:41', '2023-07-16 06:08:55'),
(68, '1.10', '2023-07-16 06:08:55', '2023-07-16 06:09:54'),
(69, '1.60', '2023-07-16 06:09:54', '2023-07-16 06:10:30'),
(70, '1.60', '2023-07-16 06:10:30', '2023-07-16 06:10:36'),
(71, '1.10', '2023-07-16 06:10:36', '2023-07-16 06:10:44'),
(72, '1.30', '2023-07-16 06:10:44', '2023-07-16 06:11:10'),
(73, '1.30', '2023-07-16 06:11:10', '2023-07-16 06:11:21'),
(74, '1.60', '2023-07-16 06:11:21', '2023-07-16 06:11:35'),
(75, '1.60', '2023-07-16 06:11:35', '2023-07-16 06:11:48'),
(76, '1.50', '2023-07-16 06:11:48', '2023-07-16 06:12:27'),
(77, '1.50', '2023-07-16 06:12:27', '2023-07-16 06:12:41'),
(78, '1.10', '2023-07-16 06:12:41', '2023-07-16 06:13:58'),
(79, '1.10', '2023-07-16 06:13:58', '2023-07-16 06:14:16'),
(80, '1.80', '2023-07-16 06:14:16', '2023-07-16 06:14:17'),
(81, '1.10', '2023-07-16 06:14:17', '2023-07-16 06:14:28'),
(82, '1.20', '2023-07-16 06:14:28', '2023-07-16 06:14:38'),
(83, '8.01', '2023-07-16 06:14:38', '2023-07-16 06:16:40'),
(84, '1.70', '2023-07-16 06:16:40', '2023-07-16 06:18:49'),
(85, '1.80', '2023-07-16 06:18:49', '2023-07-16 06:21:36'),
(86, '1.80', '2023-07-16 06:21:36', '2023-07-16 06:23:04'),
(87, '1.50', '2023-07-16 06:23:04', '2023-07-16 06:25:09'),
(88, '1.70', '2023-07-16 06:25:09', '2023-07-16 06:25:49'),
(89, '1.70', '2023-07-16 06:25:50', '2023-07-16 06:26:38'),
(90, '1.10', '2023-07-16 06:26:38', '2023-07-16 06:26:47'),
(91, '1.50', '2023-07-16 06:26:47', '2023-07-16 06:26:59'),
(92, '1.50', '2023-07-16 06:26:59', '2023-07-16 07:14:48'),
(93, '1.30', '2023-07-16 07:14:48', '2023-07-16 07:15:15'),
(94, '1.40', '2023-07-16 07:15:16', '2023-07-17 05:16:35'),
(95, '1.80', '2023-07-17 05:16:35', '2023-07-17 05:18:23'),
(96, '1.80', '2023-07-17 05:18:23', '2023-07-17 05:18:38'),
(97, '8.01', '2023-07-17 05:18:38', '2023-07-17 06:30:10'),
(98, '1.10', '2023-07-17 06:30:10', '2023-07-17 06:36:48'),
(99, '9.01', '2023-07-17 06:36:48', '2023-07-17 06:42:58'),
(100, '1.80', '2023-07-17 06:42:58', '2023-07-17 06:43:08'),
(101, '11.01', '2023-07-17 06:43:08', '2023-07-17 06:45:02'),
(102, '11.01', '2023-07-17 06:45:02', '2023-07-17 06:46:49'),
(103, '10.01', '2023-07-17 06:46:49', '2023-07-17 06:53:26'),
(104, '9.01', '2023-07-17 06:53:26', '2023-07-17 06:54:55'),
(105, '11.01', '2023-07-17 06:54:55', '2023-07-17 06:56:37'),
(106, '10.01', '2023-07-17 06:56:37', '2023-07-17 06:59:26'),
(107, '1.40', '2023-07-17 06:59:26', '2023-07-17 06:59:31'),
(108, '1.30', '2023-07-17 06:59:31', '2023-07-17 06:59:42'),
(109, '9.01', '2023-07-17 06:59:42', '2023-07-17 07:01:17'),
(110, '1.10', '2023-07-17 07:01:17', '2023-07-17 07:01:20'),
(111, '10.01', '2023-07-17 07:01:20', '2023-07-17 07:03:09'),
(112, '1.20', '2023-07-17 07:03:09', '2023-07-17 07:03:16'),
(113, '1.10', '2023-07-17 07:03:16', '2023-07-17 07:03:25'),
(114, '1.10', '2023-07-17 07:03:25', '2023-07-17 07:03:34'),
(115, '1.10', '2023-07-17 07:03:34', '2023-07-17 07:03:47'),
(116, '9.01', '2023-07-17 07:03:47', '2023-07-17 07:05:28'),
(117, '1.50', '2023-07-17 07:05:28', '2023-07-17 07:05:36'),
(118, '9.01', '2023-07-17 07:05:36', '2023-07-17 07:07:13'),
(119, '10.01', '2023-07-17 07:07:13', '2023-07-17 07:08:47'),
(120, '1.10', '2023-07-17 07:08:47', '2023-07-17 07:08:53'),
(121, '10.01', '2023-07-17 07:08:53', '2023-07-17 07:10:41'),
(122, '1.80', '2023-07-17 07:10:41', '2023-07-17 07:10:50'),
(123, '10.01', '2023-07-17 07:10:50', '2023-07-17 07:13:32'),
(124, '10.01', '2023-07-17 07:13:32', '2023-07-17 07:15:20'),
(125, 'pending', '2023-07-17 07:15:20', '2023-07-17 07:15:20'),
(126, '1.30', '2023-07-17 07:15:20', '2023-07-17 07:15:26'),
(127, '1.60', '2023-07-17 07:15:26', '2023-07-17 07:15:28'),
(128, '9.01', '2023-07-17 07:15:28', '2023-07-17 07:17:03'),
(129, '1.60', '2023-07-17 07:17:03', '2023-07-17 07:17:11'),
(130, '10.01', '2023-07-17 07:17:11', '2023-07-17 07:18:55'),
(131, '11.01', '2023-07-17 07:18:55', '2023-07-17 07:20:42'),
(132, '1.40', '2023-07-17 07:20:42', '2023-07-17 07:20:48'),
(133, '1.30', '2023-07-17 07:20:48', '2023-07-17 08:32:54'),
(134, '1.40', '2023-07-17 08:32:54', '2023-07-17 08:33:06'),
(135, '1.70', '2023-07-17 08:33:06', '2023-07-17 08:33:21'),
(136, '1.20', '2023-07-17 08:33:21', '2023-07-17 08:33:30'),
(137, '8.01', '2023-07-17 08:33:30', '2023-07-17 08:39:06'),
(138, '1.30', '2023-07-17 08:39:06', '2023-07-17 08:39:17'),
(139, '9.01', '2023-07-17 08:39:17', '2023-07-17 08:40:44'),
(140, '1.20', '2023-07-17 08:40:44', '2023-07-17 08:40:54'),
(141, '1.10', '2023-07-17 08:40:54', '2023-07-17 08:42:20'),
(142, '11.01', '2023-07-17 08:42:20', '2023-07-17 08:44:08'),
(143, '8.01', '2023-07-17 08:44:08', '2023-07-17 08:45:27'),
(144, '1.10', '2023-07-17 08:45:27', '2023-07-17 08:45:45'),
(145, '9.01', '2023-07-17 08:45:45', '2023-07-17 09:01:23'),
(146, '10.01', '2023-07-17 09:01:23', '2023-07-17 09:03:00'),
(147, '8.01', '2023-07-17 09:03:01', '2023-07-17 09:04:20'),
(148, '9.01', '2023-07-17 09:04:20', '2023-07-17 09:05:47'),
(149, '1.40', '2023-07-17 09:05:47', '2023-07-17 09:19:00'),
(150, '1.60', '2023-07-17 09:19:00', '2023-07-17 09:19:15'),
(151, '1.10', '2023-07-17 09:19:15', '2023-07-17 09:20:51'),
(152, '1.50', '2023-07-17 09:20:51', '2023-07-17 09:21:18'),
(153, '1.30', '2023-07-17 09:21:18', '2023-07-17 09:21:28'),
(154, '1.20', '2023-07-17 09:21:28', '2023-07-17 09:23:24'),
(155, '1.10', '2023-07-17 09:23:24', '2023-07-17 09:23:33'),
(156, '1.20', '2023-07-17 09:23:33', '2023-07-17 09:25:11'),
(157, '1.10', '2023-07-17 09:25:11', '2023-07-17 09:25:20'),
(158, '1.30', '2023-07-17 09:25:20', '2023-07-17 09:39:42'),
(159, '1.30', '2023-07-17 09:39:42', '2023-07-17 09:39:53'),
(160, '9.01', '2023-07-17 09:39:53', '2023-07-17 09:41:20'),
(161, '1.10', '2023-07-17 09:41:21', '2023-07-17 09:41:29'),
(162, '8.01', '2023-07-17 09:41:29', '2023-07-17 09:42:48'),
(163, '8.01', '2023-07-17 09:42:48', '2023-07-17 09:44:07'),
(164, '10.01', '2023-07-17 09:44:07', '2023-07-17 09:48:45'),
(165, '11.01', '2023-07-17 09:48:45', '2023-07-17 09:50:57'),
(166, '1.70', '2023-07-17 09:50:57', '2023-07-17 09:58:33'),
(167, '1.20', '2023-07-17 09:58:33', '2023-07-17 10:00:16'),
(168, '1.40', '2023-07-17 10:00:16', '2023-07-17 10:00:29'),
(169, '9.01', '2023-07-17 10:00:29', '2023-07-17 10:01:57'),
(170, '11.01', '2023-07-17 10:01:57', '2023-07-17 10:03:44'),
(171, '1.30', '2023-07-17 10:03:44', '2023-07-17 10:03:55'),
(172, '1.20', '2023-07-17 10:03:55', '2023-07-17 11:00:02'),
(173, '10.01', '2023-07-17 11:00:02', '2023-07-17 11:01:42'),
(174, '1.40', '2023-07-17 11:01:42', '2023-07-17 11:01:53'),
(175, '10.01', '2023-07-17 11:01:53', '2023-07-17 11:03:30'),
(176, '1.80', '2023-07-17 11:03:30', '2023-07-17 11:03:47'),
(177, '1.50', '2023-07-17 11:03:47', '2023-07-17 11:03:59'),
(178, '1.40', '2023-07-17 11:03:59', '2023-07-17 12:27:07'),
(179, '1.20', '2023-07-17 12:27:07', '2023-07-17 12:27:43'),
(180, '1.80', '2023-07-17 12:27:43', '2023-07-17 12:27:59'),
(181, '11.01', '2023-07-17 12:27:59', '2023-07-17 12:40:05'),
(182, '11.01', '2023-07-17 12:40:05', '2023-07-17 12:41:54'),
(183, '1.20', '2023-07-17 12:41:54', '2023-07-17 12:43:20'),
(184, '1.50', '2023-07-17 12:43:20', '2023-07-17 12:43:34'),
(185, '1.20', '2023-07-17 12:43:34', '2023-07-17 12:43:44'),
(186, '1.10', '2023-07-17 12:43:44', '2023-07-17 12:43:53'),
(187, '8.01', '2023-07-17 12:43:53', '2023-07-17 12:45:12'),
(188, '1.20', '2023-07-17 12:45:12', '2023-07-17 12:45:21'),
(189, '8.01', '2023-07-17 12:45:21', '2023-07-17 12:46:42'),
(190, '10.01', '2023-07-17 12:46:42', '2023-07-17 12:49:54'),
(191, '8.01', '2023-07-17 12:49:55', '2023-07-17 12:54:27'),
(192, '1.50', '2023-07-17 12:54:27', '2023-07-17 12:56:42'),
(193, '1.60', '2023-07-17 12:56:42', '2023-07-17 12:56:56'),
(194, '1.20', '2023-07-17 12:56:56', '2023-07-17 12:57:10'),
(195, '1.70', '2023-07-17 12:57:10', '2023-07-17 12:57:25'),
(196, '1.60', '2023-07-17 12:57:25', '2023-07-17 12:57:39'),
(197, '1.10', '2023-07-17 12:57:39', '2023-07-17 12:57:47'),
(198, '1.40', '2023-07-17 12:57:47', '2023-07-17 12:57:59'),
(199, '1.50', '2023-07-17 12:57:59', '2023-07-17 16:33:44'),
(200, '1.70', '2023-07-17 16:33:44', '2023-07-17 16:33:58'),
(201, '1.50', '2023-07-17 16:33:58', '2023-07-17 16:34:11'),
(202, '8.01', '2023-07-17 16:34:11', '2023-07-17 16:35:29'),
(203, '1.20', '2023-07-17 16:35:29', '2023-07-17 16:35:39'),
(204, '1.70', '2023-07-17 16:35:39', '2023-07-17 16:37:30'),
(205, '8.01', '2023-07-17 16:37:30', '2023-07-17 16:40:41'),
(206, '8.01', '2023-07-17 16:40:41', '2023-07-17 16:41:57'),
(207, '10.01', '2023-07-17 16:41:57', '2023-07-17 16:43:40'),
(208, '9.01', '2023-07-17 16:43:40', '2023-07-17 16:45:10'),
(209, '10.01', '2023-07-17 16:45:10', '2023-07-17 16:51:54'),
(210, '1.70', '2023-07-17 16:51:54', '2023-07-17 17:01:49'),
(211, '9.01', '2023-07-17 17:01:49', '2023-07-17 17:03:22'),
(212, '10.01', '2023-07-17 17:03:22', '2023-07-17 17:04:58'),
(213, '1.70', '2023-07-17 17:04:58', '2023-07-17 17:05:13'),
(214, '9.01', '2023-07-17 17:05:13', '2023-07-17 17:06:45'),
(215, '1.40', '2023-07-17 17:06:45', '2023-07-17 17:06:55'),
(216, '11.01', '2023-07-17 17:06:55', '2023-07-17 17:08:45'),
(217, '8.01', '2023-07-17 17:08:45', '2023-07-17 17:10:02'),
(218, '1.40', '2023-07-17 17:10:02', '2023-07-17 17:10:12'),
(219, '11.01', '2023-07-17 17:10:12', '2023-07-17 17:12:02'),
(220, '1.50', '2023-07-17 17:12:02', '2023-07-17 17:12:13'),
(221, '1.60', '2023-07-17 17:12:13', '2023-07-17 17:12:28'),
(222, '9.01', '2023-07-17 17:12:28', '2023-07-17 17:13:57'),
(223, '11.01', '2023-07-17 17:13:57', '2023-07-17 17:15:46'),
(224, '1.10', '2023-07-17 17:15:46', '2023-07-17 17:15:52'),
(225, '1.70', '2023-07-17 17:15:52', '2023-07-17 17:16:07'),
(226, '11.01', '2023-07-17 17:16:08', '2023-07-17 17:17:57'),
(227, '9.01', '2023-07-17 17:17:57', '2023-07-17 17:19:28'),
(228, '9.01', '2023-07-17 17:19:28', '2023-07-17 17:20:58'),
(229, '10.01', '2023-07-17 17:20:58', '2023-07-17 17:22:34'),
(230, '8.01', '2023-07-17 17:22:34', '2023-07-17 17:23:50'),
(231, '1.10', '2023-07-17 17:23:50', '2023-07-17 17:23:58'),
(232, '1.10', '2023-07-17 17:23:59', '2023-07-17 17:24:30'),
(233, '11.01', '2023-07-17 17:24:30', '2023-07-18 06:11:49'),
(234, '1.80', '2023-07-18 06:11:49', '2023-07-19 08:51:07'),
(235, '1.40', '2023-07-19 08:51:07', '2023-07-19 08:51:17'),
(236, '11.01', '2023-07-19 08:51:17', '2023-07-19 08:57:49'),
(237, '1.60', '2023-07-19 08:57:49', '2023-07-19 08:57:57'),
(238, '1.10', '2023-07-19 08:57:57', '2023-07-19 08:58:07'),
(239, '10.01', '2023-07-19 08:58:07', '2023-07-19 09:01:39'),
(240, '9.01', '2023-07-19 09:01:39', '2023-07-19 09:03:11'),
(241, '1.40', '2023-07-19 09:03:11', '2023-07-19 09:03:23'),
(242, '1.10', '2023-07-19 09:03:23', '2023-07-19 09:03:32'),
(243, '1.30', '2023-07-19 09:03:32', '2023-07-19 09:03:42'),
(244, '11.01', '2023-07-19 09:03:42', '2023-07-19 09:42:28'),
(245, '1.10', '2023-07-19 09:42:28', '2023-07-19 09:42:30'),
(246, '1.70', '2023-07-19 09:42:30', '2023-07-19 09:42:45'),
(247, '1.70', '2023-07-19 09:42:45', '2023-07-19 09:43:00'),
(248, '1.10', '2023-07-19 09:43:00', '2023-07-19 09:43:09'),
(249, '1.70', '2023-07-19 09:43:09', '2023-07-19 09:43:24'),
(250, '1.70', '2023-07-19 09:43:24', '2023-07-19 10:21:40'),
(251, '1.10', '2023-07-19 10:21:40', '2023-07-19 10:21:49'),
(252, '1.30', '2023-07-19 10:21:49', '2023-07-19 10:21:59'),
(253, '10.01', '2023-07-19 10:21:59', '2023-07-19 13:53:34'),
(254, '1.40', '2023-07-19 13:53:34', '2023-07-19 13:53:44'),
(255, '9.01', '2023-07-19 13:53:44', '2023-07-21 06:03:35'),
(256, '8.01', '2023-07-21 06:03:35', '2023-07-21 06:04:53'),
(257, '1.10', '2023-07-21 06:04:53', '2023-07-21 06:07:32'),
(258, '1.10', '2023-07-21 06:07:32', '2023-07-21 06:08:56'),
(259, '1.50', '2023-07-21 06:08:56', '2023-07-21 06:09:09'),
(260, '1.10', '2023-07-21 06:09:09', '2023-07-21 06:09:18'),
(261, '9.01', '2023-07-21 06:09:18', '2023-07-21 06:35:13'),
(262, '11.01', '2023-07-21 06:35:13', '2023-07-21 06:39:43'),
(263, '9.01', '2023-07-21 06:39:43', '2023-07-21 06:48:59'),
(264, '1.70', '2023-07-21 06:48:59', '2023-07-22 10:26:59'),
(265, '9.01', '2023-07-22 10:26:59', '2023-07-22 10:54:48'),
(266, '8.01', '2023-07-22 10:54:48', '2023-07-22 10:56:18'),
(267, '8.01', '2023-07-22 10:56:18', '2023-07-22 10:57:35'),
(268, '9.01', '2023-07-22 10:57:35', '2023-07-22 10:59:59'),
(269, '9.01', '2023-07-22 10:59:59', '2023-07-22 11:01:31'),
(270, '8.01', '2023-07-22 11:01:31', '2023-07-22 11:04:20'),
(271, '11.01', '2023-07-22 11:04:20', '2023-07-22 11:07:30'),
(272, '10.01', '2023-07-22 11:07:30', '2023-07-22 11:08:13'),
(273, '11.01', '2023-07-22 11:08:13', '2023-07-22 11:09:51'),
(274, '11.01', '2023-07-22 11:09:51', '2023-07-22 11:11:40'),
(275, '11.01', '2023-07-22 11:11:40', '2023-07-22 12:22:10'),
(276, '9.01', '2023-07-22 12:22:10', '2023-07-22 12:23:46'),
(277, '10.01', '2023-07-22 12:23:46', '2023-07-22 12:25:25'),
(278, '9.01', '2023-07-22 12:25:25', '2023-07-22 12:26:53'),
(279, '9.01', '2023-07-22 12:26:53', '2023-07-22 12:38:29'),
(280, '9.01', '2023-07-22 12:38:29', '2023-07-22 12:39:57'),
(281, '11.01', '2023-07-22 12:39:57', '2023-07-22 12:41:45'),
(282, '9.01', '2023-07-22 12:41:45', '2023-07-22 12:48:35'),
(283, '9.01', '2023-07-22 12:48:35', '2023-07-22 12:50:05'),
(284, '8.01', '2023-07-22 12:50:05', '2023-07-22 12:51:18'),
(285, '9.01', '2023-07-22 12:51:18', '2023-07-22 12:52:46'),
(286, '10.01', '2023-07-22 12:52:46', '2023-07-22 12:54:26'),
(287, '8.01', '2023-07-22 12:54:26', '2023-07-22 12:55:43'),
(288, '10.01', '2023-07-22 12:55:43', '2023-07-22 12:57:23'),
(289, '9.01', '2023-07-22 12:57:23', '2023-07-22 12:58:50'),
(290, '10.01', '2023-07-22 12:58:50', '2023-07-22 13:00:33'),
(291, '9.01', '2023-07-22 13:00:33', '2023-07-22 13:02:03'),
(292, '9.01', '2023-07-22 13:02:04', '2023-07-22 13:03:42'),
(293, '11.01', '2023-07-22 13:03:42', '2023-07-22 13:05:30'),
(294, '10.01', '2023-07-22 13:05:30', '2023-07-22 13:07:06'),
(295, '9.01', '2023-07-22 13:07:06', '2023-07-22 13:08:34'),
(296, '8.01', '2023-07-22 13:08:34', '2023-07-22 13:09:51'),
(297, '11.01', '2023-07-22 13:09:51', '2023-07-22 13:11:40'),
(298, '1.10', '2023-07-22 13:11:40', '2023-07-22 13:13:16'),
(299, '1.60', '2023-07-22 13:13:16', '2023-07-22 13:13:57'),
(300, '1.60', '2023-07-22 13:13:57', '2023-07-22 13:14:32'),
(301, '11.01', '2023-07-22 13:14:32', '2023-07-22 13:16:22'),
(302, '1.20', '2023-07-22 13:16:22', '2023-07-22 13:17:09'),
(303, '11.01', '2023-07-22 13:17:09', '2023-07-22 16:00:20'),
(304, '10.01', '2023-07-22 16:00:20', '2023-07-22 16:02:47'),
(305, '8.01', '2023-07-22 16:02:47', '2023-07-22 16:04:05'),
(306, '9.01', '2023-07-22 16:04:05', '2023-07-22 16:05:36'),
(307, '1.10', '2023-07-22 16:05:36', '2023-07-23 01:55:11'),
(308, '1.30', '2023-07-23 01:55:11', '2023-07-23 01:55:23'),
(309, '1.20', '2023-07-23 01:55:23', '2023-07-23 01:56:11'),
(310, '1.80', '2023-07-23 01:56:11', '2023-07-23 06:49:40'),
(311, '1.50', '2023-07-23 06:49:40', '2023-07-23 06:49:55'),
(312, '1.70', '2023-07-23 06:49:55', '2023-07-23 06:50:11'),
(313, '1.10', '2023-07-23 06:50:11', '2023-07-23 06:50:21'),
(314, '1.10', '2023-07-23 06:50:21', '2023-07-23 06:51:50'),
(315, '1.80', '2023-07-23 06:51:50', '2023-07-23 06:52:08'),
(316, '1.60', '2023-07-23 06:52:08', '2023-07-23 06:57:15'),
(317, '1.10', '2023-07-23 06:57:15', '2023-07-23 07:00:13'),
(318, '1.80', '2023-07-23 07:00:13', '2023-07-23 07:00:32'),
(319, '1.40', '2023-07-23 07:00:32', '2023-07-23 07:01:55'),
(320, '1.40', '2023-07-23 07:01:55', '2023-07-23 07:03:23'),
(321, '1.70', '2023-07-23 07:03:23', '2023-07-23 14:24:07'),
(322, '1.70', '2023-07-23 14:24:07', '2023-07-23 14:24:23'),
(323, '1.80', '2023-07-23 14:24:23', '2023-07-23 14:24:39'),
(324, '11.01', '2023-07-23 14:24:39', '2023-07-24 11:54:46'),
(325, '1.10', '2023-07-24 11:54:46', '2023-07-24 11:55:03'),
(326, '1.20', '2023-07-24 11:55:03', '2023-07-24 11:55:28'),
(327, '1.70', '2023-07-24 11:55:28', '2023-07-24 11:55:43'),
(328, '1.60', '2023-07-24 11:55:43', '2023-07-24 11:55:56'),
(329, '1.80', '2023-07-24 11:55:56', '2023-07-24 11:56:13'),
(330, '1.61', '2023-07-24 11:56:13', '2023-07-24 11:57:53'),
(331, '1.61', '2023-07-24 11:57:53', '2023-07-24 11:58:07'),
(332, '1.61', '2023-07-24 11:58:07', '2023-07-24 11:58:22'),
(333, '1.61', '2023-07-24 11:58:22', '2023-07-24 11:58:35'),
(334, '9.01', '2023-07-24 11:58:35', '2023-07-24 12:00:18'),
(335, '1.61', '2023-07-24 12:00:18', '2023-07-24 12:01:11'),
(336, '1.61', '2023-07-24 12:01:11', '2023-07-24 12:01:26'),
(337, '1.61', '2023-07-24 12:01:26', '2023-07-24 12:01:40'),
(338, '1.61', '2023-07-24 12:01:40', '2023-07-24 12:02:14'),
(339, '1.61', '2023-07-24 12:02:14', '2023-07-24 12:02:46'),
(340, '10.01', '2023-07-24 12:02:46', '2023-07-24 12:14:20'),
(341, '10.01', '2023-07-24 12:14:20', '2023-07-24 12:16:06'),
(342, '8.01', '2023-07-24 12:16:06', '2023-07-24 12:17:21'),
(343, '1.61', '2023-07-24 12:17:21', '2023-07-24 12:42:48'),
(344, '1.61', '2023-07-24 12:42:48', '2023-07-24 12:51:01'),
(345, '1.61', '2023-07-24 12:51:01', '2023-07-24 12:51:17'),
(346, '1.61', '2023-07-24 12:51:18', '2023-07-24 13:02:04'),
(347, '1.61', '2023-07-24 13:02:05', '2023-07-24 13:02:57'),
(348, '1.61', '2023-07-24 13:02:57', '2023-07-24 13:05:06'),
(349, '1.00', '2023-07-24 13:05:06', '2023-07-24 13:21:08'),
(350, '1.43', '2023-07-24 13:21:08', '2023-07-24 13:31:33'),
(351, '1.43', '2023-07-24 13:31:33', '2023-07-24 13:31:45'),
(352, '1.43', '2023-07-24 13:31:45', '2023-07-24 13:41:03'),
(353, '1.43', '2023-07-24 13:41:03', '2023-07-24 13:41:37'),
(354, '10.01', '2023-07-24 13:41:37', '2023-07-24 13:43:17'),
(355, '8.01', '2023-07-24 13:43:17', '2023-07-24 13:44:32'),
(356, '1.10', '2023-07-24 13:44:32', '2023-07-24 14:18:34'),
(357, '1.20', '2023-07-24 14:18:34', '2023-07-24 14:18:59'),
(358, '1.56', '2023-07-24 14:18:59', '2023-07-24 14:29:59'),
(359, 'pending', '2023-07-24 14:29:59', '2023-07-24 14:29:59');

-- --------------------------------------------------------

--
-- Table structure for table `migrations`
--

CREATE TABLE `migrations` (
  `id` int(10) UNSIGNED NOT NULL,
  `migration` varchar(255) NOT NULL,
  `batch` int(11) NOT NULL
) ENGINE=InnoDB DEFAULT CHARSET=utf8mb4 COLLATE=utf8mb4_unicode_ci;

--
-- Dumping data for table `migrations`
--

INSERT INTO `migrations` (`id`, `migration`, `batch`) VALUES
(22, '2019_12_14_000001_create_personal_access_tokens_table', 1),
(23, '2022_11_30_150150_create_users_table', 1),
(24, '2022_11_30_165337_create_wallets_table', 1),
(25, '2022_11_30_185349_create_bank_details_table', 1),
(27, '2022_12_01_081706_create_withdarwals_table', 1),
(28, '2022_12_02_182742_create_settings_table', 1),
(29, '2022_12_05_153154_create_gameresults_table', 1),
(30, '2022_12_05_161546_create_userbits_table', 1),
(31, '2022_11_30_190556_create_transactions_table', 2),
(32, '2022_12_10_151942_create_bankdetails_table', 3);

-- --------------------------------------------------------

--
-- Table structure for table `personal_access_tokens`
--

CREATE TABLE `personal_access_tokens` (
  `id` bigint(20) UNSIGNED NOT NULL,
  `tokenable_type` varchar(255) NOT NULL,
  `tokenable_id` bigint(20) UNSIGNED NOT NULL,
  `name` varchar(255) NOT NULL,
  `token` varchar(64) NOT NULL,
  `abilities` text DEFAULT NULL,
  `last_used_at` timestamp NULL DEFAULT NULL,
  `expires_at` timestamp NULL DEFAULT NULL,
  `created_at` timestamp NULL DEFAULT NULL,
  `updated_at` timestamp NULL DEFAULT NULL
) ENGINE=InnoDB DEFAULT CHARSET=utf8mb4 COLLATE=utf8mb4_unicode_ci;

-- --------------------------------------------------------

--
-- Table structure for table `settings`
--

CREATE TABLE `settings` (
  `id` bigint(20) UNSIGNED NOT NULL,
  `category` varchar(255) NOT NULL,
  `value` varchar(255) NOT NULL,
  `status` varchar(255) NOT NULL,
  `created_at` timestamp NULL DEFAULT NULL,
  `updated_at` timestamp NULL DEFAULT NULL
) ENGINE=InnoDB DEFAULT CHARSET=utf8mb4 COLLATE=utf8mb4_unicode_ci;

--
-- Dumping data for table `settings`
--

INSERT INTO `settings` (`id`, `category`, `value`, `status`, `created_at`, `updated_at`) VALUES
(1, 'game_status', '0', '1', NULL, '2023-07-24 14:30:06'),
(2, 'min_bet_amount', '10', '1', NULL, '2023-02-17 15:11:57'),
(3, 'max_bet_amount', '3000000', '1', NULL, NULL),
(4, 'initial_bonus', '50', '1', NULL, '2023-07-24 12:47:23'),
(5, 'min_withdrawal', '2000', '1', NULL, NULL),
(6, 'min_recharge', '100', '1', '2022-12-10 12:56:27', '2022-12-29 10:32:23'),
(7, 'start_range_game_timer', '10', '1', '2022-12-10 12:56:27', '2023-07-24 12:42:14'),
(8, 'end_range_game_timer', '32', '1', '2022-12-10 12:56:27', '2023-01-03 13:18:43'),
(9, 'level1commission', '1', '1', '2022-12-10 12:56:27', '2022-12-10 12:56:27'),
(10, 'level2commission', '1', '1', '2022-12-10 12:56:27', '2022-12-10 12:56:27'),
(11, 'level3commission', '1', '1', '2022-12-10 12:56:27', '2022-12-10 12:56:27'),
(12, 'game_start_time', '1', '1', '2023-01-11 20:09:57', '2023-01-12 01:39:57'),
(13, 'game_between_time', '2.51', '1', '2023-01-11 20:09:57', '2023-07-24 13:02:33'),
(14, 'game_between_time_end', '1.56', '1', '2023-01-11 20:09:57', '2023-07-24 13:04:30');

-- --------------------------------------------------------

--
-- Table structure for table `transactions`
--

CREATE TABLE `transactions` (
  `id` bigint(20) UNSIGNED NOT NULL,
  `userid` varchar(255) NOT NULL,
  `platform` varchar(255) DEFAULT NULL,
  `transactionno` varchar(255) DEFAULT NULL,
  `type` varchar(255) DEFAULT NULL,
  `amount` varchar(255) NOT NULL,
  `amount_1` varchar(255) DEFAULT NULL,
  `category` varchar(255) DEFAULT NULL,
  `remark` varchar(255) DEFAULT NULL,
  `status` varchar(255) NOT NULL,
  `created_at` timestamp NULL DEFAULT NULL,
  `updated_at` timestamp NULL DEFAULT NULL
) ENGINE=InnoDB DEFAULT CHARSET=utf8mb4 COLLATE=utf8mb4_unicode_ci;

--
-- Dumping data for table `transactions`
--

INSERT INTO `transactions` (`id`, `userid`, `platform`, `transactionno`, `type`, `amount`, `amount_1`, `category`, `remark`, `status`, `created_at`, `updated_at`) VALUES
(1, '50031', 'netbanking', '', 'debit', '100', NULL, 'withdraw', 'Processing', '0', '2023-07-17 06:35:34', '2023-07-17 06:35:34'),
(2, '50031', 'upi', '', 'debit', '10', NULL, 'withdraw', 'Processing', '0', '2023-07-17 06:37:03', '2023-07-17 06:37:03'),
(3, '50031', 'netbanking', '876543218765', 'credit', '500', NULL, 'recharge', 'Processing', '0', '2023-07-17 10:04:44', '2023-07-17 10:04:44'),
(4, '50031', 'upi', '', 'debit', '15', NULL, 'withdraw', 'Processing', '0', '2023-07-17 10:05:46', '2023-07-17 10:05:46'),
(5, '50031', 'netbanking', '87654', 'credit', '500', NULL, 'recharge', 'Processing', '0', '2023-07-17 10:10:05', '2023-07-17 10:10:05'),
(6, '50031', 'upi', '', 'debit', '1', NULL, 'withdraw', 'Processing', '0', '2023-07-17 10:10:45', '2023-07-17 10:10:45'),
(7, '50031', 'netbanking', '876543219876', 'credit', '500', NULL, 'recharge', 'Processing', '0', '2023-07-17 11:04:55', '2023-07-17 11:04:55'),
(8, '50031', 'upi', '98765432187', 'credit', '500', NULL, 'recharge', 'Processing', '0', '2023-07-17 11:05:31', '2023-07-17 11:05:31'),
(9, '50031', 'upi', '', 'debit', '500', NULL, 'withdraw', 'Processing', '0', '2023-07-17 11:08:04', '2023-07-17 11:08:04'),
(10, '50031', 'upi', '6484904040300', 'credit', '1000', NULL, 'recharge', 'Processing', '0', '2023-07-23 01:57:50', '2023-07-23 01:57:50');

-- --------------------------------------------------------

--
-- Table structure for table `userbits`
--

CREATE TABLE `userbits` (
  `id` bigint(20) UNSIGNED NOT NULL,
  `userid` varchar(255) NOT NULL,
  `amount` varchar(255) NOT NULL,
  `type` varchar(255) NOT NULL,
  `gameid` varchar(255) NOT NULL,
  `section_no` varchar(255) NOT NULL,
  `cashout_multiplier` varchar(20) DEFAULT '0',
  `status` varchar(255) NOT NULL DEFAULT '0',
  `created_at` timestamp NULL DEFAULT NULL,
  `updated_at` timestamp NULL DEFAULT NULL
) ENGINE=InnoDB DEFAULT CHARSET=utf8mb4 COLLATE=utf8mb4_unicode_ci;

--
-- Dumping data for table `userbits`
--

INSERT INTO `userbits` (`id`, `userid`, `amount`, `type`, `gameid`, `section_no`, `cashout_multiplier`, `status`, `created_at`, `updated_at`) VALUES
(1, '50031', '15.00', '0', '84', '0', '1.25', '1', '2023-07-16 06:18:39', '2023-07-16 06:18:44'),
(2, '50031', '500.00', '0', '85', '0', '1.16', '1', '2023-07-16 06:21:27', '2023-07-16 06:21:29'),
(3, '50031', '15.00', '0', '86', '0', '1.14', '1', '2023-07-16 06:22:55', '2023-07-16 06:22:58'),
(4, '50031', '100.00', '0', '87', '0', '1.14', '1', '2023-07-16 06:25:03', '2023-07-16 06:25:06'),
(5, '50031', '100.00', '0', '88', '0', '1.22', '1', '2023-07-16 06:25:17', '2023-07-16 06:25:19'),
(6, '50031', '100.00', '0', '89', '0', '1.21', '1', '2023-07-16 06:26:30', '2023-07-16 06:26:33'),
(7, '50031', '100.00', '0', '90', '0', '0', '1', '2023-07-16 06:26:45', '2023-07-16 06:26:47'),
(8, '50031', '100.00', '0', '91', '0', '1.19', '1', '2023-07-16 06:26:54', '2023-07-16 06:26:56'),
(9, '50031', '10.00', '0', '92', '0', '1.24', '1', '2023-07-16 07:14:41', '2023-07-16 07:14:45'),
(10, '50031', '10.00', '0', '93', '0', '1.22', '1', '2023-07-16 07:14:55', '2023-07-16 07:14:58'),
(11, '50031', '10.00', '0', '93', '0', '1.28', '1', '2023-07-16 07:15:11', '2023-07-16 07:15:15'),
(12, '50031', '10.00', '0', '94', '0', '1.14', '1', '2023-07-17 05:16:30', '2023-07-17 05:16:32'),
(13, '50031', '100.00', '0', '95', '0', '1.29', '1', '2023-07-17 05:16:43', '2023-07-17 05:16:46'),
(14, '50031', '100.00', '0', '95', '0', '0', '1', '2023-07-17 05:18:14', '2023-07-17 05:18:23'),
(15, '50031', '100.00', '0', '96', '0', '1.69', '1', '2023-07-17 05:18:29', '2023-07-17 05:18:37'),
(16, '50031', '10.00', '0', '98', '0', '1.53', '1', '2023-07-17 06:35:36', '2023-07-17 06:35:43'),
(17, '50033', '12.00', '0', '100', '0', '0', '1', '2023-07-17 06:42:59', '2023-07-17 06:43:08'),
(18, '50033', '100.00', '0', '107', '0', '0', '1', '2023-07-17 06:59:27', '2023-07-17 06:59:31'),
(19, '50033', '100.00', '0', '108', '0', '1.23', '1', '2023-07-17 06:59:38', '2023-07-17 06:59:41'),
(20, '50033', '100.00', '0', '110', '0', '0', '1', '2023-07-17 07:01:18', '2023-07-17 07:01:20'),
(21, '50033', '100.00', '0', '111', '0', '1.26', '1', '2023-07-17 07:01:27', '2023-07-17 07:01:31'),
(22, '50033', '187.00', '0', '112', '0', '0', '1', '2023-07-17 07:03:11', '2023-07-17 07:03:16'),
(23, '50033', '187.00', '0', '113', '0', '0', '1', '2023-07-17 07:03:23', '2023-07-17 07:03:25'),
(24, '50033', '187.00', '0', '114', '0', '0', '1', '2023-07-17 07:03:32', '2023-07-17 07:03:34'),
(25, '50033', '10.00', '0', '115', '0', '0', '1', '2023-07-17 07:03:45', '2023-07-17 07:03:47'),
(26, '50033', '500.00', '1', '117', '0', '6.35', '1', '2023-07-17 07:05:30', '2023-07-17 07:08:08'),
(27, '50033', '500.00', '1', '120', '0', '0', '1', '2023-07-17 07:08:51', '2023-07-17 07:08:53'),
(28, '50033', '10.00', '1', '122', '1', '0', '1', '2023-07-17 07:10:42', '2023-07-17 07:10:50'),
(29, '50033', '1000.00', '1', '122', '0', '0', '1', '2023-07-17 07:10:42', '2023-07-17 07:10:50'),
(30, '50031', '10.00', '0', '126', '0', '0', '1', '2023-07-17 07:15:21', '2023-07-17 07:15:26'),
(31, '50031', '10.00', '0', '128', '0', '1.43', '1', '2023-07-17 07:15:35', '2023-07-17 07:15:40'),
(32, '50031', '10.00', '1', '129', '0', '1.50', '1', '2023-07-17 07:17:04', '2023-07-17 07:17:10'),
(33, '50031', '22.00', '1', '131', '0', '2.39', '1', '2023-07-17 07:18:56', '2023-07-17 07:19:10'),
(34, '50031', '22.00', '0', '132', '0', '0', '1', '2023-07-17 07:20:43', '2023-07-17 07:20:48'),
(35, '50031', '10.00', '0', '133', '0', '0', '1', '2023-07-17 08:32:50', '2023-07-17 08:32:54'),
(36, '50031', '10.00', '0', '134', '0', '0', '1', '2023-07-17 08:33:01', '2023-07-17 08:33:06'),
(37, '50031', '10.00', '0', '135', '0', '1.40', '1', '2023-07-17 08:33:13', '2023-07-17 08:33:18'),
(38, '50031', '10.00', '0', '136', '0', '0', '1', '2023-07-17 08:33:28', '2023-07-17 08:33:30'),
(39, '50031', '50.00', '1', '138', '0', '4.60', '1', '2023-07-17 08:39:13', '2023-07-17 08:40:01'),
(40, '50031', '50.00', '1', '140', '0', '0', '1', '2023-07-17 08:40:51', '2023-07-17 08:40:54'),
(41, '50031', '50.00', '1', '141', '0', '7.35', '1', '2023-07-17 08:41:01', '2023-07-17 08:42:07'),
(42, '50031', '200.00', '1', '142', '0', '2.03', '1', '2023-07-17 08:42:27', '2023-07-17 08:42:37'),
(43, '50031', '500.00', '1', '144', '0', '1.01', '1', '2023-07-17 08:45:34', '2023-07-17 08:45:35'),
(44, '50031', '10.00', '0', '149', '0', '0', '1', '2023-07-17 09:18:55', '2023-07-17 09:19:00'),
(45, '50031', '10.00', '0', '150', '0', '1.36', '1', '2023-07-17 09:19:07', '2023-07-17 09:19:12'),
(46, '50031', '10.00', '0', '151', '0', '0', '1', '2023-07-17 09:20:49', '2023-07-17 09:20:51'),
(47, '50031', '10.00', '0', '152', '0', '1.50', '1', '2023-07-17 09:20:57', '2023-07-17 09:21:06'),
(48, '50031', '10.00', '0', '153', '0', '0', '1', '2023-07-17 09:21:25', '2023-07-17 09:21:28'),
(49, '50031', '10.00', '0', '154', '0', '0', '1', '2023-07-17 09:23:21', '2023-07-17 09:23:24'),
(50, '50031', '10.00', '0', '155', '0', '0', '1', '2023-07-17 09:23:31', '2023-07-17 09:23:33'),
(51, '50031', '10.00', '0', '156', '0', '1.20', '1', '2023-07-17 09:25:07', '2023-07-17 09:25:11'),
(52, '50031', '10.00', '0', '157', '0', '0', '1', '2023-07-17 09:25:18', '2023-07-17 09:25:20'),
(53, '50034', '10.00', '0', '158', '0', '0', '1', '2023-07-17 09:39:38', '2023-07-17 09:39:42'),
(54, '50034', '10.00', '0', '159', '0', '0', '1', '2023-07-17 09:39:49', '2023-07-17 09:39:53'),
(55, '50034', '20.00', '0', '161', '0', '0', '1', '2023-07-17 09:41:27', '2023-07-17 09:41:29'),
(56, '50031', '10.00', '0', '166', '0', '1.14', '1', '2023-07-17 09:58:25', '2023-07-17 09:58:28'),
(57, '50031', '100.00', '0', '167', '0', '0', '1', '2023-07-17 10:00:13', '2023-07-17 10:00:16'),
(58, '50031', '100.00', '0', '168', '0', '1.10', '1', '2023-07-17 10:00:24', '2023-07-17 10:00:26'),
(59, '50031', '30.00', '0', '171', '0', '1.18', '1', '2023-07-17 10:03:51', '2023-07-17 10:03:53'),
(60, '50031', '10.00', '0', '172', '0', '1.17', '1', '2023-07-17 10:59:59', '2023-07-17 11:00:01'),
(61, '50031', '200.00', '0', '174', '0', '1.19', '1', '2023-07-17 11:01:48', '2023-07-17 11:01:50'),
(62, '50031', '500.00', '0', '176', '0', '1.00', '1', '2023-07-17 11:03:37', '2023-07-17 11:03:38'),
(63, '50031', '500.00', '0', '177', '0', '1.23', '1', '2023-07-17 11:03:54', '2023-07-17 11:03:57'),
(64, '50031', '10.00', '0', '178', '0', '1.38', '1', '2023-07-17 12:27:01', '2023-07-17 12:27:07'),
(65, '50031', '100.00', '0', '179', '0', '0', '1', '2023-07-17 12:27:39', '2023-07-17 12:27:43'),
(66, '50031', '100.00', '0', '180', '0', '0', '1', '2023-07-17 12:27:49', '2023-07-17 12:27:59'),
(67, '50031', '500.00', '1', '182', '0', '1.22', '1', '2023-07-17 12:40:06', '2023-07-17 12:40:09'),
(68, '50031', '1000.00', '1', '183', '1', '5.81', '1', '2023-07-17 12:41:55', '2023-07-17 12:42:44'),
(69, '50031', '500.00', '1', '183', '0', '4.21', '1', '2023-07-17 12:41:55', '2023-07-17 12:42:27'),
(70, '50031', '1000.00', '0', '183', '0', '0', '1', '2023-07-17 12:43:17', '2023-07-17 12:43:20'),
(71, '50031', '1000.00', '0', '184', '0', '1.18', '1', '2023-07-17 12:43:28', '2023-07-17 12:43:31'),
(72, '50031', '1000.00', '0', '185', '0', '0', '1', '2023-07-17 12:43:41', '2023-07-17 12:43:44'),
(73, '50031', '1000.00', '0', '186', '0', '0', '1', '2023-07-17 12:43:51', '2023-07-17 12:43:53'),
(74, '50031', '1000.00', '0', '187', '0', '1.09', '1', '2023-07-17 12:44:00', '2023-07-17 12:44:02'),
(75, '50031', '1000.00', '0', '188', '0', '0', '1', '2023-07-17 12:45:18', '2023-07-17 12:45:21'),
(76, '50035', '10.00', '0', '192', '0', '0', '1', '2023-07-17 12:56:36', '2023-07-17 12:56:42'),
(77, '50035', '10.00', '0', '193', '0', '1.44', '1', '2023-07-17 12:56:49', '2023-07-17 12:56:55'),
(78, '50035', '10.00', '0', '194', '0', '0', '1', '2023-07-17 12:57:07', '2023-07-17 12:57:10'),
(79, '50035', '10.00', '0', '195', '1', '1.29', '1', '2023-07-17 12:57:18', '2023-07-17 12:57:21'),
(80, '50035', '10.00', '0', '195', '0', '1.27', '1', '2023-07-17 12:57:18', '2023-07-17 12:57:21'),
(81, '50035', '10.00', '0', '196', '0', '1.44', '1', '2023-07-17 12:57:32', '2023-07-17 12:57:37'),
(82, '50035', '10.00', '0', '196', '1', '1.41', '1', '2023-07-17 12:57:32', '2023-07-17 12:57:37'),
(83, '50035', '10.00', '0', '197', '0', '0', '1', '2023-07-17 12:57:46', '2023-07-17 12:57:47'),
(84, '50035', '10.00', '0', '197', '1', '0', '1', '2023-07-17 12:57:46', '2023-07-17 12:57:47'),
(85, '50035', '10.00', '0', '198', '1', '0', '1', '2023-07-17 12:57:54', '2023-07-17 12:57:59'),
(86, '50035', '10.00', '0', '198', '0', '0', '1', '2023-07-17 12:57:55', '2023-07-17 12:57:59'),
(87, '50031', '100.00', '0', '199', '0', '0', '1', '2023-07-17 16:33:38', '2023-07-17 16:33:44'),
(88, '50031', '100.00', '0', '200', '0', '1.26', '1', '2023-07-17 16:33:51', '2023-07-17 16:33:54'),
(89, '50031', '1000.00', '0', '201', '0', '1.37', '1', '2023-07-17 16:34:06', '2023-07-17 16:34:10'),
(90, '50031', '2000.00', '0', '202', '0', '3.38', '1', '2023-07-17 16:34:19', '2023-07-17 16:34:43'),
(91, '50031', '500.00', '1', '203', '0', '0', '1', '2023-07-17 16:35:36', '2023-07-17 16:35:39'),
(92, '50031', '500.00', '1', '204', '0', '1.22', '1', '2023-07-17 16:35:46', '2023-07-17 16:35:48'),
(93, '50031', '10.00', '0', '210', '0', '1.43', '1', '2023-07-17 17:01:40', '2023-07-17 17:01:46'),
(94, '50031', '500.00', '1', '212', '0', '1.23', '1', '2023-07-17 17:03:25', '2023-07-17 17:03:28'),
(95, '50031', '100.00', '0', '213', '0', '0', '1', '2023-07-17 17:05:04', '2023-07-17 17:05:13'),
(96, '50031', '500.00', '0', '215', '0', '0', '1', '2023-07-17 17:06:50', '2023-07-17 17:06:55'),
(97, '50031', '100.00', '0', '216', '0', '1.28', '1', '2023-07-17 17:07:02', '2023-07-17 17:07:05'),
(98, '50031', '100.00', '0', '218', '0', '0', '1', '2023-07-17 17:10:07', '2023-07-17 17:10:12'),
(99, '50031', '30.00', '0', '220', '0', '0', '1', '2023-07-17 17:12:08', '2023-07-17 17:12:13'),
(100, '50031', '30.00', '0', '221', '0', '1.31', '1', '2023-07-17 17:12:21', '2023-07-17 17:12:25'),
(101, '50031', '30.00', '0', '224', '0', '0', '1', '2023-07-17 17:15:51', '2023-07-17 17:15:52'),
(102, '50031', '30.00', '0', '225', '0', '1.46', '1', '2023-07-17 17:15:59', '2023-07-17 17:16:05'),
(103, '50031', '200.00', '0', '231', '0', '0', '1', '2023-07-17 17:23:57', '2023-07-17 17:23:58'),
(104, '50031', '200.00', '1', '231', '1', '0', '1', '2023-07-17 17:23:57', '2023-07-17 17:23:58'),
(105, '50031', '10.00', '0', '232', '0', '1.03', '1', '2023-07-17 17:24:27', '2023-07-17 17:24:29'),
(106, '50031', '200.00', '0', '234', '0', '0', '1', '2023-07-19 08:50:56', '2023-07-19 08:51:07'),
(107, '50031', '2000.00', '0', '235', '0', '0', '1', '2023-07-19 08:51:12', '2023-07-19 08:51:17'),
(108, '50031', '10000.00', '0', '237', '0', '1.48', '1', '2023-07-19 08:57:50', '2023-07-19 08:57:55'),
(109, '50031', '10000.00', '0', '238', '0', '0', '1', '2023-07-19 08:58:05', '2023-07-19 08:58:07'),
(110, '50031', '10000.00', '0', '239', '0', '3.34', '1', '2023-07-19 08:58:14', '2023-07-19 08:58:38'),
(111, '50031', '10000.00', '0', '240', '0', '1.26', '1', '2023-07-19 09:01:40', '2023-07-19 09:01:43'),
(112, '50031', '27000.00', '1', '241', '1', '1.32', '1', '2023-07-19 09:03:18', '2023-07-19 09:03:22'),
(113, '50031', '28000.00', '0', '242', '0', '1.10', '1', '2023-07-19 09:03:30', '2023-07-19 09:03:34'),
(114, '50031', '27000.00', '1', '243', '1', '0', '1', '2023-07-19 09:03:38', '2023-07-19 09:03:42'),
(115, '50031', '1000.00', '0', '245', '0', '0', '1', '2023-07-19 09:42:29', '2023-07-19 09:42:30'),
(116, '50031', '1000.00', '0', '246', '0', '0', '1', '2023-07-19 09:42:37', '2023-07-19 09:42:45'),
(117, '50031', '1000.00', '0', '247', '0', '0', '1', '2023-07-19 09:42:52', '2023-07-19 09:43:00'),
(118, '50031', '1000.00', '0', '248', '0', '0', '1', '2023-07-19 09:43:07', '2023-07-19 09:43:09'),
(119, '50031', '1000.00', '0', '249', '0', '1.20', '1', '2023-07-19 09:43:16', '2023-07-19 09:43:20'),
(120, '50031', '1000.00', '0', '250', '0', '1.17', '1', '2023-07-19 09:43:32', '2023-07-19 09:43:34'),
(121, '50031', '200.00', '0', '250', '0', '1.47', '1', '2023-07-19 10:21:32', '2023-07-19 10:21:38'),
(122, '50031', '500.00', '0', '251', '0', '0', '1', '2023-07-19 10:21:47', '2023-07-19 10:21:49'),
(123, '50031', '200.00', '0', '252', '0', '0', '1', '2023-07-19 10:21:55', '2023-07-19 10:21:59'),
(124, '50031', '100.00', '0', '254', '0', '0', '1', '2023-07-19 13:53:39', '2023-07-19 13:53:44'),
(125, '50031', '100.00', '0', '254', '1', '0', '1', '2023-07-19 13:53:40', '2023-07-19 13:53:44'),
(126, '50031', '100.00', '0', '256', '0', '1.13', '1', '2023-07-21 06:03:39', '2023-07-21 06:03:42'),
(127, '50031', '10.00', '0', '257', '0', '0', '1', '2023-07-21 06:07:29', '2023-07-21 06:07:32'),
(128, '50031', '10.00', '0', '258', '0', '0', '1', '2023-07-21 06:08:54', '2023-07-21 06:08:56'),
(129, '50031', '10.00', '0', '259', '0', '0', '1', '2023-07-21 06:09:03', '2023-07-21 06:09:09'),
(130, '50031', '10.00', '0', '260', '0', '0', '1', '2023-07-21 06:09:15', '2023-07-21 06:09:18'),
(131, '50031', '10.00', '0', '264', '0', '1.08', '1', '2023-07-22 10:26:49', '2023-07-22 10:26:51'),
(132, '50031', '10.00', '0', '298', '0', '0', '1', '2023-07-22 13:13:13', '2023-07-22 13:13:16'),
(133, '50031', '1000.00', '0', '299', '0', '0', '1', '2023-07-22 13:13:50', '2023-07-22 13:13:57'),
(134, '50031', '1000.00', '0', '300', '0', '0', '1', '2023-07-22 13:14:24', '2023-07-22 13:14:32'),
(135, '50031', '1000.00', '0', '302', '0', '0', '1', '2023-07-22 13:17:06', '2023-07-22 13:17:09'),
(136, '50031', '200.00', '0', '307', '0', '0', '1', '2023-07-23 01:55:07', '2023-07-23 01:55:11'),
(137, '50031', '1000.00', '0', '308', '0', '0', '1', '2023-07-23 01:55:18', '2023-07-23 01:55:23'),
(138, '50031', '1000.00', '0', '309', '0', '0', '1', '2023-07-23 01:56:07', '2023-07-23 01:56:11'),
(139, '50031', '1000.00', '0', '310', '0', '2.36', '1', '2023-07-23 01:56:18', '2023-07-23 01:56:34'),
(140, '50031', '10.00', '0', '310', '0', '1.22', '1', '2023-07-23 06:49:30', '2023-07-23 06:49:35'),
(141, '50031', '1000.00', '0', '311', '0', '1.29', '1', '2023-07-23 06:49:48', '2023-07-23 06:49:53'),
(142, '50031', '2000.00', '0', '312', '0', '1.27', '1', '2023-07-23 06:50:02', '2023-07-23 06:50:07'),
(143, '50031', '3000.00', '0', '313', '0', '0', '1', '2023-07-23 06:50:18', '2023-07-23 06:50:21'),
(144, '50031', '3000.00', '0', '314', '0', '0', '1', '2023-07-23 06:51:45', '2023-07-23 06:51:50'),
(145, '50031', '4000.00', '0', '315', '0', '1.27', '1', '2023-07-23 06:51:58', '2023-07-23 06:52:03'),
(146, '50031', '3000.00', '0', '316', '0', '1.05', '1', '2023-07-23 06:57:07', '2023-07-23 06:57:10'),
(147, '50031', '10.00', '0', '317', '0', '1.49', '1', '2023-07-23 06:59:03', '2023-07-23 06:59:10'),
(148, '50031', '1000.00', '0', '317', '0', '0', '1', '2023-07-23 07:00:10', '2023-07-23 07:00:13'),
(149, '50031', '2000.00', '0', '318', '0', '1.16', '1', '2023-07-23 07:00:21', '2023-07-23 07:00:24'),
(150, '50031', '10.00', '0', '319', '0', '0', '1', '2023-07-23 07:01:49', '2023-07-23 07:01:55'),
(151, '50031', '10.00', '1', '320', '0', '0', '1', '2023-07-23 07:03:17', '2023-07-23 07:03:23'),
(152, '50031', '10.00', '0', '321', '0', '1.22', '1', '2023-07-23 14:23:59', '2023-07-23 14:24:05'),
(153, '50031', '10.00', '0', '321', '1', '1.19', '1', '2023-07-23 14:23:59', '2023-07-23 14:24:03'),
(154, '50031', '100.00', '0', '322', '0', '1.17', '1', '2023-07-23 14:24:14', '2023-07-23 14:24:18'),
(155, '50031', '100.00', '0', '322', '1', '1.15', '1', '2023-07-23 14:24:15', '2023-07-23 14:24:17'),
(156, '50031', '100.00', '0', '323', '0', '1.27', '1', '2023-07-23 14:24:30', '2023-07-23 14:24:33'),
(157, '50031', '100.00', '0', '323', '1', '1.25', '1', '2023-07-23 14:24:30', '2023-07-23 14:24:33'),
(158, '50031', '10.00', '0', '325', '0', '0', '1', '2023-07-24 11:54:47', '2023-07-24 11:55:03'),
(159, '50031', '10.00', '0', '326', '0', '0', '1', '2023-07-24 11:55:16', '2023-07-24 11:55:28'),
(160, '50031', '200.00', '0', '326', '0', '0', '1', '2023-07-24 11:55:24', '2023-07-24 11:55:28'),
(161, '50031', '200.00', '0', '327', '0', '1.05', '1', '2023-07-24 11:55:35', '2023-07-24 11:55:36'),
(162, '50031', '200.00', '0', '328', '0', '1.32', '1', '2023-07-24 11:55:49', '2023-07-24 11:55:53'),
(163, '50031', '200.00', '0', '329', '0', '1.39', '1', '2023-07-24 11:56:04', '2023-07-24 11:56:09'),
(164, '50031', '200.00', '0', '330', '0', '3.67', '1', '2023-07-24 11:56:21', '2023-07-24 11:56:52'),
(165, '50031', '200.00', '0', '330', '0', '0', '1', '2023-07-24 11:57:46', '2023-07-24 11:57:53'),
(166, '50031', '200.00', '0', '335', '0', '1.55', '1', '2023-07-24 12:00:24', '2023-07-24 12:00:31'),
(167, '50031', '10.00', '0', '335', '0', '0', '1', '2023-07-24 12:01:02', '2023-07-24 12:01:11'),
(168, '50031', '10.00', '0', '336', '0', '0', '1', '2023-07-24 12:01:18', '2023-07-24 12:01:26'),
(169, '50031', '100.00', '0', '337', '0', '1.50', '1', '2023-07-24 12:01:33', '2023-07-24 12:01:39'),
(170, '50031', '10.00', '0', '338', '0', '1.46', '1', '2023-07-24 12:02:07', '2023-07-24 12:02:12'),
(171, '50031', '1000.00', '0', '339', '0', '1.50', '1', '2023-07-24 12:02:39', '2023-07-24 12:02:44'),
(172, '50031', '10.00', '0', '343', '0', '1.57', '1', '2023-07-24 12:42:41', '2023-07-24 12:42:47'),
(173, '50031', '10.00', '0', '344', '0', '1.24', '1', '2023-07-24 12:50:54', '2023-07-24 12:50:57'),
(174, '50031', '10.00', '0', '345', '0', '0', '1', '2023-07-24 12:51:10', '2023-07-24 12:51:18'),
(175, '50031', '10.00', '0', '346', '0', '0', '1', '2023-07-24 13:01:57', '2023-07-24 13:02:04'),
(176, '50031', '10.00', '0', '347', '0', '0', '1', '2023-07-24 13:02:50', '2023-07-24 13:02:57'),
(177, '50031', '10.00', '0', '348', '0', '0', '1', '2023-07-24 13:04:59', '2023-07-24 13:05:06'),
(178, '50031', '10.00', '0', '349', '0', '0', '1', '2023-07-24 13:06:35', '2023-07-24 13:21:08'),
(179, '50031', '10.00', '0', '349', '0', '2.47', '1', '2023-07-24 13:16:44', '2023-07-24 13:17:00'),
(180, '50031', '10.00', '0', '349', '0', '0', '1', '2023-07-24 13:21:07', '2023-07-24 13:21:08'),
(181, '50031', '10.00', '0', '350', '0', '0', '1', '2023-07-24 13:21:15', '2023-07-24 13:31:33'),
(182, '50031', '10.00', '0', '350', '0', '1.00', '1', '2023-07-24 13:29:33', '2023-07-24 13:29:46'),
(183, '50031', '10.00', '0', '350', '0', '1.00', '1', '2023-07-24 13:29:58', '2023-07-24 13:30:24'),
(184, '50031', '10.00', '0', '350', '0', '0', '1', '2023-07-24 13:31:28', '2023-07-24 13:31:33'),
(185, '50031', '10.00', '0', '351', '0', '0', '1', '2023-07-24 13:31:40', '2023-07-24 13:31:45'),
(186, '50031', '10.00', '0', '352', '0', '1.00', '1', '2023-07-24 13:34:21', '2023-07-24 13:34:34'),
(187, '50031', '10.00', '0', '352', '0', '1.00', '1', '2023-07-24 13:38:25', '2023-07-24 13:38:44'),
(188, '50031', '10.00', '0', '352', '0', '0', '1', '2023-07-24 13:40:58', '2023-07-24 13:41:03'),
(189, '50031', '10.00', '0', '353', '0', '0', '1', '2023-07-24 13:41:32', '2023-07-24 13:41:37'),
(190, '50031', '10.00', '0', '356', '0', '1.00', '1', '2023-07-24 14:06:13', '2023-07-24 14:06:26'),
(191, '50031', '10.00', '0', '356', '0', '1.00', '1', '2023-07-24 14:06:39', '2023-07-24 14:06:44'),
(192, '50031', '10.00', '0', '356', '0', '1.00', '1', '2023-07-24 14:13:47', '2023-07-24 14:13:50'),
(193, '50031', '10.00', '0', '356', '0', '0', '1', '2023-07-24 14:16:42', '2023-07-24 14:18:34'),
(194, '50031', '10.00', '0', '356', '0', '1.00', '1', '2023-07-24 14:17:58', '2023-07-24 14:18:02'),
(195, '50031', '10.00', '0', '356', '0', '0', '1', '2023-07-24 14:18:32', '2023-07-24 14:18:34'),
(196, '50031', '10.00', '0', '357', '0', '0', '1', '2023-07-24 14:18:57', '2023-07-24 14:18:59'),
(197, '50031', '10.00', '0', '358', '0', '1.00', '1', '2023-07-24 14:23:53', '2023-07-24 14:24:08'),
(198, '50031', '10.00', '0', '358', '0', '1.00', '1', '2023-07-24 14:25:49', '2023-07-24 14:25:53');

-- --------------------------------------------------------

--
-- Table structure for table `users`
--

CREATE TABLE `users` (
  `id` bigint(20) UNSIGNED NOT NULL,
  `name` varchar(255) DEFAULT NULL,
  `image` varchar(255) DEFAULT NULL,
  `mobile` varchar(255) DEFAULT NULL,
  `email` varchar(255) NOT NULL,
  `promocode` varchar(255) DEFAULT NULL,
  `country` varchar(255) DEFAULT NULL,
  `gender` varchar(255) DEFAULT NULL,
  `currency` varchar(255) DEFAULT NULL,
  `isadmin` varchar(255) DEFAULT NULL,
  `password` varchar(255) NOT NULL,
  `status` varchar(255) NOT NULL,
  `created_at` timestamp NULL DEFAULT NULL,
  `updated_at` timestamp NULL DEFAULT NULL
) ENGINE=InnoDB DEFAULT CHARSET=utf8mb4 COLLATE=utf8mb4_unicode_ci;

--
-- Dumping data for table `users`
--

INSERT INTO `users` (`id`, `name`, `image`, `mobile`, `email`, `promocode`, `country`, `gender`, `currency`, `isadmin`, `password`, `status`, `created_at`, `updated_at`) VALUES
(50030, 'Satya', NULL, '9876543210', 'deysuresh@gmail.com', '112233', 'IN', 'male', '', '1', '$2y$10$tSWfhaj3AULynlUngdTry.qW9xXDZYQYrGvTc5p.WWGvsal0rfUDW', '1', '2023-06-08 19:05:23', '2023-07-15 13:22:17'),
(50031, 'Nitya', NULL, '9981861595', 'admin@example.com', 'AA121212', 'IN', 'male', '', NULL, '$2y$10$tSWfhaj3AULynlUngdTry.qW9xXDZYQYrGvTc5p.WWGvsal0rfUDW', '1', '2023-06-08 19:07:29', '2023-06-08 19:07:29'),
(50032, 'divyani', NULL, '8765432177', 'kalyani@gmail.com', '50031', 'IN', 'female', '', NULL, '$2y$10$dvYH1loDOThFq6p4NdRbHeYlmJPWMzxUc/WXPWB7K6ejjGTKA7wMm', '1', '2023-07-16 07:16:35', '2023-07-16 07:16:35'),
(50033, 'neha', NULL, '6543216789', 'divyanidhakate123@gmail.com', NULL, 'IN', 'female', '', NULL, '$2y$10$wTtGuINMpFjz8FDNoFZjFOE1h1JtzzW3pG6XOtxD7v9rx.qw8BFvK', '1', '2023-07-17 06:41:14', '2023-07-17 06:41:14'),
(50034, 'kukki', NULL, '765432188', 'kukki123@gmail.com', NULL, 'IN', 'female', '', NULL, '$2y$10$JU9ktp/91QwDH/5TflMKBOhu.81gEW6eTOMdf8Gflap8UC9TX19jO', '1', '2023-07-17 09:39:15', '2023-07-17 09:39:15'),
(50035, 'Harshit Trivedi', NULL, '8604753802', 'bozerapp@gmail.com', NULL, 'IN', 'male', '', NULL, '$2y$10$BArQ9qrqcB2IApZSb.MThOSRNHmngdIbLi7s2ZpM3AgrSpJMnYcAe', '1', '2023-07-17 12:09:07', '2023-07-17 12:09:07');

-- --------------------------------------------------------

--
-- Table structure for table `wallets`
--

CREATE TABLE `wallets` (
  `id` bigint(20) UNSIGNED NOT NULL,
  `userid` varchar(255) NOT NULL,
  `amount` varchar(255) NOT NULL,
  `created_at` timestamp NULL DEFAULT NULL,
  `updated_at` timestamp NULL DEFAULT NULL
) ENGINE=InnoDB DEFAULT CHARSET=utf8mb4 COLLATE=utf8mb4_unicode_ci;

--
-- Dumping data for table `wallets`
--

INSERT INTO `wallets` (`id`, `userid`, `amount`, `created_at`, `updated_at`) VALUES
(1, '50030', '50', '2023-06-08 19:05:23', '2023-06-08 19:05:23'),
(2, '50031', '1454.7', '2023-06-08 19:07:29', '2023-07-24 14:25:53'),
(3, '50032', '50', '2023-07-16 07:16:35', '2023-07-16 07:16:35'),
(4, '50033', '6616', '2023-07-17 06:41:14', '2023-07-17 07:10:42'),
(5, '50034', '100000', '2023-07-17 09:39:15', '2023-07-17 10:47:29'),
(6, '50035', '8.5', '2023-07-17 12:09:08', '2023-07-17 12:57:55');

-- --------------------------------------------------------

--
-- Table structure for table `withdarwals`
--

CREATE TABLE `withdarwals` (
  `id` bigint(20) UNSIGNED NOT NULL,
  `account_no` varchar(255) NOT NULL,
  `account_holder_name` varchar(255) NOT NULL,
  `name` varchar(255) NOT NULL,
  `ifsc_code` varchar(255) NOT NULL,
  `upi_id` varchar(255) NOT NULL,
  `mobile_no` varchar(255) NOT NULL,
  `email` varchar(255) NOT NULL,
  `address` varchar(255) NOT NULL,
  `created_at` timestamp NULL DEFAULT NULL,
  `updated_at` timestamp NULL DEFAULT NULL
) ENGINE=InnoDB DEFAULT CHARSET=utf8mb4 COLLATE=utf8mb4_unicode_ci;

--
-- Indexes for dumped tables
--

--
-- Indexes for table `bankdetails`
--
ALTER TABLE `bankdetails`
  ADD PRIMARY KEY (`id`);

--
-- Indexes for table `bank_details`
--
ALTER TABLE `bank_details`
  ADD PRIMARY KEY (`id`);

--
-- Indexes for table `gameresults`
--
ALTER TABLE `gameresults`
  ADD PRIMARY KEY (`id`);

--
-- Indexes for table `migrations`
--
ALTER TABLE `migrations`
  ADD PRIMARY KEY (`id`);

--
-- Indexes for table `personal_access_tokens`
--
ALTER TABLE `personal_access_tokens`
  ADD PRIMARY KEY (`id`),
  ADD UNIQUE KEY `personal_access_tokens_token_unique` (`token`),
  ADD KEY `personal_access_tokens_tokenable_type_tokenable_id_index` (`tokenable_type`,`tokenable_id`);

--
-- Indexes for table `settings`
--
ALTER TABLE `settings`
  ADD PRIMARY KEY (`id`);

--
-- Indexes for table `transactions`
--
ALTER TABLE `transactions`
  ADD PRIMARY KEY (`id`);

--
-- Indexes for table `userbits`
--
ALTER TABLE `userbits`
  ADD PRIMARY KEY (`id`);

--
-- Indexes for table `users`
--
ALTER TABLE `users`
  ADD PRIMARY KEY (`id`);

--
-- Indexes for table `wallets`
--
ALTER TABLE `wallets`
  ADD PRIMARY KEY (`id`);

--
-- Indexes for table `withdarwals`
--
ALTER TABLE `withdarwals`
  ADD PRIMARY KEY (`id`);

--
-- AUTO_INCREMENT for dumped tables
--

--
-- AUTO_INCREMENT for table `bankdetails`
--
ALTER TABLE `bankdetails`
  MODIFY `id` bigint(20) UNSIGNED NOT NULL AUTO_INCREMENT, AUTO_INCREMENT=2;

--
-- AUTO_INCREMENT for table `bank_details`
--
ALTER TABLE `bank_details`
  MODIFY `id` bigint(20) UNSIGNED NOT NULL AUTO_INCREMENT, AUTO_INCREMENT=2;

--
-- AUTO_INCREMENT for table `gameresults`
--
ALTER TABLE `gameresults`
  MODIFY `id` bigint(20) UNSIGNED NOT NULL AUTO_INCREMENT, AUTO_INCREMENT=360;

--
-- AUTO_INCREMENT for table `migrations`
--
ALTER TABLE `migrations`
  MODIFY `id` int(10) UNSIGNED NOT NULL AUTO_INCREMENT, AUTO_INCREMENT=33;

--
-- AUTO_INCREMENT for table `personal_access_tokens`
--
ALTER TABLE `personal_access_tokens`
  MODIFY `id` bigint(20) UNSIGNED NOT NULL AUTO_INCREMENT;

--
-- AUTO_INCREMENT for table `settings`
--
ALTER TABLE `settings`
  MODIFY `id` bigint(20) UNSIGNED NOT NULL AUTO_INCREMENT, AUTO_INCREMENT=15;

--
-- AUTO_INCREMENT for table `transactions`
--
ALTER TABLE `transactions`
  MODIFY `id` bigint(20) UNSIGNED NOT NULL AUTO_INCREMENT, AUTO_INCREMENT=11;

--
-- AUTO_INCREMENT for table `userbits`
--
ALTER TABLE `userbits`
  MODIFY `id` bigint(20) UNSIGNED NOT NULL AUTO_INCREMENT, AUTO_INCREMENT=199;

--
-- AUTO_INCREMENT for table `users`
--
ALTER TABLE `users`
  MODIFY `id` bigint(20) UNSIGNED NOT NULL AUTO_INCREMENT, AUTO_INCREMENT=50036;

--
-- AUTO_INCREMENT for table `wallets`
--
ALTER TABLE `wallets`
  MODIFY `id` bigint(20) UNSIGNED NOT NULL AUTO_INCREMENT, AUTO_INCREMENT=7;

--
-- AUTO_INCREMENT for table `withdarwals`
--
ALTER TABLE `withdarwals`
  MODIFY `id` bigint(20) UNSIGNED NOT NULL AUTO_INCREMENT;
COMMIT;

/*!40101 SET CHARACTER_SET_CLIENT=@OLD_CHARACTER_SET_CLIENT */;
/*!40101 SET CHARACTER_SET_RESULTS=@OLD_CHARACTER_SET_RESULTS */;
/*!40101 SET COLLATION_CONNECTION=@OLD_COLLATION_CONNECTION */;
